Visitor_id,Visitor_phone,Visitor_type,Visitor_name,Visitor_email
1,+62-484-826-7799,1,Chere Malec,cmalec0@fotki.com
2,+86-326-528-2132,2,Kathryn McGahey,kmcgahey1@wired.com
3,+86-291-956-1444,3,Porty Condell,pcondell2@lycos.com
4,+58-911-422-2836,4,Martica Slegg,mslegg3@twitpic.com
5,+66-324-463-5140,5,Milzie Tullot,mtullot4@vistaprint.com
6,+370-764-514-2961,6,Rhona Ligertwood,rligertwood5@google.com.hk
7,+51-232-200-4152,7,Mirelle Borwick,mborwick6@ucsd.edu
8,+55-130-617-7027,8,Linus Pettengell,lpettengell7@thetimes.co.uk
9,+31-816-801-4101,9,Hillyer Skittreal,hskittreal8@yolasite.com
10,+372-303-516-4871,10,Benny Zelake,bzelake9@prweb.com
11,+506-225-473-9133,11,Moll Fullylove,mfullylovea@yellowbook.com
12,+7-573-919-9044,12,Chiarra Seebright,cseebrightb@furl.net
13,+212-312-748-5161,13,Doug Haberfield,dhaberfieldc@japanpost.jp
14,+7-407-613-6008,14,Celisse Postance,cpostanced@adobe.com
15,+62-991-365-6319,15,Bordy Gidman,bgidmane@oracle.com
16,+970-824-190-5946,16,Benjy Shergold,bshergoldf@google.ru
17,+7-898-579-4418,17,Ricard Frogley,
18,+62-395-290-1080,18,Tobi Pasquale,tpasqualeh@statcounter.com
19,+389-401-367-1076,19,Kiley Davidovic,kdavidovici@booking.com
20,+86-511-783-6520,20,Sharla Long,slongj@cocolog-nifty.com
21,+62-175-962-2136,21,Herculie Hodgins,hhodginsk@shop-pro.jp
22,+62-747-805-8427,22,Dasya Heckner,dhecknerl@nba.com
23,+374-679-479-6009,23,Bastien Klimontovich,bklimontovichm@moonfruit.com
24,+62-511-757-7012,24,Jameson Trimmill,jtrimmilln@mapquest.com
25,+385-546-536-6141,25,Gretal Prine,gprineo@skype.com
26,+691-650-786-0067,26,Devan Risbridger,
27,+33-775-201-3894,27,Bili Collington,
28,+355-294-341-4821,28,Gav Avo,gavor@dmoz.org
29,+236-589-710-2278,29,Arty Messer,amessers@clickbank.net
30,+385-688-148-1732,30,Luciano Bilfoot,
31,+39-728-201-9779,31,Sheffie Sey,sseyu@berkeley.edu
32,+212-522-393-6797,32,Joycelin Spillett,jspillettv@gmpg.org
33,+55-345-534-2183,33,Coop Griffey,cgriffeyw@ow.ly
34,+86-513-106-0172,34,Desmond Scutchings,dscutchingsx@deviantart.com
35,+84-328-135-3734,35,Hillier Bretton,hbrettony@prnewswire.com
36,+86-671-287-9891,36,Sybilla Chark,
37,+55-869-693-9829,37,Ambrosi Mossom,amossom10@noaa.gov
38,+55-933-692-3312,38,Claudianus Blowen,cblowen11@liveinternet.ru
39,+86-214-351-5155,39,Toby O'Kynsillaghe,tokynsillaghe12@indiatimes.com
40,+62-814-454-6114,40,Charin Garfath,cgarfath13@discuz.net
41,+420-743-982-6419,41,Paten Hakonsson,phakonsson14@seattletimes.com
42,+1-757-328-9104,42,Elladine Saxon,esaxon15@pbs.org
43,+370-743-621-6455,43,Dyane Syddon,dsyddon16@marketwatch.com
44,+1-318-724-9396,44,Otto Annatt,
45,+62-771-366-9816,45,Kenna Buggs,kbuggs18@technorati.com
46,+64-893-753-8575,46,Clywd Arpe,carpe19@cbslocal.com
47,+1-173-719-5212,47,Starlin Skeggs,sskeggs1a@soup.io
48,+86-688-516-3783,48,Larisa Conahy,lconahy1b@chron.com
49,+66-969-931-1806,49,Augusta Glisenan,aglisenan1c@google.com
50,+7-676-398-7907,50,Chester Hauch,chauch1d@dyndns.org
51,+86-933-754-0832,51,Denys Dutteridge,ddutteridge1e@kickstarter.com
52,+55-952-700-7836,52,Jany Ruegg,jruegg1f@foxnews.com
53,+381-373-291-5158,53,Carey Lockett,
54,+62-389-364-9532,54,Elliot Clarke-Williams,
55,+249-765-766-4658,55,Hesther Olanda,holanda1i@blogtalkradio.com
56,+352-735-546-7470,56,Rozalie McChruiter,rmcchruiter1j@hostgator.com
57,+63-926-517-3456,57,Doris Stollery,dstollery1k@wsj.com
58,+86-109-751-6549,58,Jaymee Gonnard,jgonnard1l@discovery.com
59,+86-938-646-0083,59,Lin Mattiato,lmattiato1m@meetup.com
60,+86-668-369-9997,60,Noellyn Conti,nconti1n@dailymail.co.uk
61,+264-869-843-6277,61,Rosa Renfree,rrenfree1o@harvard.edu
62,+62-306-170-9180,62,Klement Le Gall,kle1p@pbs.org
63,+7-820-249-0634,63,Sigismundo Volkers,svolkers1q@yandex.ru
64,+86-758-402-9469,64,Ber Brightling,bbrightling1r@ucoz.com
65,+86-710-259-1501,65,Quintilla Caple,qcaple1s@feedburner.com
66,+355-930-807-0705,66,Elston Wilcockes,ewilcockes1t@go.com
67,+261-667-417-7820,67,Clerc Soggee,
68,+48-740-443-5208,68,Lennard Christofle,lchristofle1v@google.de
69,+86-212-574-4347,69,Giusto Bartosiak,gbartosiak1w@ow.ly
70,+63-401-251-3053,70,Nye MacLoughlin,nmacloughlin1x@auda.org.au
71,+86-283-532-6654,71,Howie Wharrier,hwharrier1y@wiley.com
72,+351-173-668-8166,72,Dulcinea Izakoff,dizakoff1z@icq.com
73,+51-199-564-1503,73,Aurlie Blamire,ablamire20@dmoz.org
74,+1-503-899-2457,74,Rozella Oosthout de Vree,
75,+86-208-860-2274,75,Lotti Garwell,lgarwell22@skype.com
76,+504-451-539-5028,76,Kamila Ellicott,kellicott23@mayoclinic.com
77,+967-177-530-2187,77,Fawne Morison,fmorison24@illinois.edu
78,+63-844-144-0495,78,Gabie Cavan,gcavan25@slideshare.net
79,+86-708-279-9817,79,Darren Creamer,dcreamer26@google.ru
80,+220-867-761-1727,80,Odessa Fennessy,ofennessy27@smh.com.au
81,+27-885-113-7753,81,Cart Whysall,
82,+55-262-826-4353,82,Felix Duinbleton,fduinbleton29@paypal.com
83,+46-507-323-9885,83,Aleen Ysson,
84,+98-744-206-4603,84,Reinaldos Malec,rmalec2b@google.it
85,+34-117-610-6640,85,Shawna Taleworth,staleworth2c@wired.com
86,+98-188-100-7493,86,Mureil Pattini,mpattini2d@oaic.gov.au
87,+46-699-893-4769,87,Celestia McLaren,cmclaren2e@fema.gov
88,+54-858-868-4985,88,Erminia Schwandt,
89,+46-974-157-5341,89,Peggy Ginty,pginty2g@virginia.edu
90,+86-346-914-0533,90,Horton Cecely,hcecely2h@parallels.com
91,+227-748-118-6091,91,Antonie Alessandrelli,aalessandrelli2i@multiply.com
92,+86-600-543-8689,92,Jere Forber,jforber2j@xinhuanet.com
93,+1-210-519-8384,93,Averil Presdee,apresdee2k@google.com.au
94,+7-810-173-4914,94,Fitz Meeny,fmeeny2l@qq.com
95,+504-793-355-0993,95,Ashbey Gaspar,agaspar2m@intel.com
96,+62-152-819-9286,96,Pooh Quene,pquene2n@arizona.edu
97,+49-413-730-2568,97,Emiline Biskup,ebiskup2o@themeforest.net
98,+7-209-788-6633,98,Nicky Tytcomb,ntytcomb2p@clickbank.net
99,+64-938-569-3807,99,Tasha Sedgebeer,tsedgebeer2q@gnu.org
100,+7-822-133-5379,100,Randi Itscowics,ritscowics2r@ted.com
101,+33-281-666-3718,101,Willie Ruse,wruse2s@arizona.edu
102,+51-568-931-1882,102,Christie Hourahan,chourahan2t@wikipedia.org
103,+86-342-436-2734,103,Kayle Gorham,kgorham2u@imageshack.us
104,+351-188-809-3970,104,Pyotr Chatelet,pchatelet2v@amazon.co.uk
105,+7-715-796-5313,105,Joell Spincks,jspincks2w@samsung.com
106,+86-969-139-7769,106,Wilhelm Steanyng,wsteanyng2x@dropbox.com
107,+7-173-537-3700,107,Royal Gossage,rgossage2y@webeden.co.uk
108,+351-939-357-6608,108,Brnaba Neathway,bneathway2z@dailymotion.com
109,+358-479-291-9915,109,Iggy Zavattiero,izavattiero30@123-reg.co.uk
110,+86-240-360-0815,110,Blinnie Rosindill,brosindill31@ftc.gov
111,+86-556-949-7945,111,Christina Twort,ctwort32@psu.edu
112,+47-781-613-5484,112,Nita Creboe,ncreboe33@1688.com
113,+371-924-167-0500,113,Babbette Claiton,bclaiton34@fema.gov
114,+7-254-110-0443,114,Lennie Laurenson,llaurenson35@about.com
115,+55-818-748-6245,115,Haskell Gillino,hgillino36@hubpages.com
116,+51-139-936-5287,116,Dominique Gore,
117,+1-497-436-7778,117,Reiko Ruthven,rruthven38@123-reg.co.uk
118,+351-944-220-5434,118,Rube Kelston,rkelston39@state.gov
119,+54-148-895-7109,119,Blanca Le Sarr,ble3a@arstechnica.com
120,+51-510-142-6435,120,Brody Bandy,bbandy3b@google.de
121,+380-574-698-5715,121,Eleanora Neem,eneem3c@china.com.cn
122,+7-938-957-6079,122,Osborn Remer,oremer3d@telegraph.co.uk
123,+86-399-214-2216,123,Denys Barbier,dbarbier3e@unicef.org
124,+51-280-704-3588,124,Osgood Mullany,omullany3f@prlog.org
125,+81-174-181-7360,125,Lora Liver,
126,+86-563-236-9874,126,Garrek Voaden,gvoaden3h@sphinn.com
127,+62-385-352-9347,127,Colleen Dillintone,cdillintone3i@sina.com.cn
128,+7-523-611-1900,128,Leia Ibbett,libbett3j@meetup.com
129,+30-916-991-7175,129,Valentin Human,vhuman3k@imgur.com
130,+86-907-893-8702,130,Deidre Waplinton,dwaplinton3l@sitemeter.com
131,+86-689-723-1482,131,Scarlett Caverhill,scaverhill3m@bloglovin.com
132,+1-243-742-8118,132,Jay Stealey,jstealey3n@epa.gov
133,+7-907-950-5546,133,Elbertine Loft,
134,+7-258-655-0927,134,Marcelo Ithell,mithell3p@miitbeian.gov.cn
135,+84-500-177-8993,135,Barri Bosche,bbosche3q@surveymonkey.com
136,+51-414-577-7617,136,Luise Lemon,llemon3r@wiley.com
137,+503-865-479-3209,137,Pauline Trewman,ptrewman3s@t-online.de
138,+372-306-227-0281,138,Conrad Stile,cstile3t@unicef.org
139,+66-432-917-2870,139,Laverne Clougher,lclougher3u@icio.us
140,+261-541-569-6793,140,Eddie Belfrage,ebelfrage3v@whitehouse.gov
141,+86-171-774-6880,141,Casey Densumbe,cdensumbe3w@marketwatch.com
142,+420-990-560-7733,142,Boycey Doughton,bdoughton3x@typepad.com
143,+86-124-870-6651,143,Kamillah Ivashnikov,
144,+63-291-105-1273,144,Kort Robertelli,
145,+86-626-752-1431,145,Olvan Greiswood,ogreiswood40@simplemachines.org
146,+54-245-853-2111,146,Lexis Mincher,lmincher41@ycombinator.com
147,+86-137-689-3908,147,Yurik Kumar,ykumar42@si.edu
148,+7-744-902-8817,148,Christiano Beakes,cbeakes43@artisteer.com
149,+30-451-322-2178,149,Lorri Prugel,lprugel44@xinhuanet.com
150,+48-580-496-4938,150,Lib Bogaert,lbogaert45@naver.com
151,+63-675-950-8412,151,Lucian Dzeniskevich,ldzeniskevich46@sbwire.com
152,+420-414-649-2582,152,Robinson Courtese,rcourtese47@imdb.com
153,+7-392-544-0877,153,Tatiana McGebenay,tmcgebenay48@walmart.com
154,+686-153-361-5628,154,Lefty Dutt,
155,+48-489-779-0434,155,Brunhilda Errichi,berrichi4a@illinois.edu
156,+7-104-572-3536,156,Marcellus Linguard,mlinguard4b@lulu.com
157,+504-429-304-3290,157,Urbanus Bavister,ubavister4c@tumblr.com
158,+1-941-927-8205,158,Sadye Conachie,sconachie4d@google.co.jp
159,+86-840-970-1145,159,Hetti Lysons,hlysons4e@123-reg.co.uk
160,+420-928-835-3527,160,Ina Barrett,ibarrett4f@flickr.com
161,+20-173-533-7594,161,Alyson Azemar,aazemar4g@163.com
162,+66-507-403-8719,162,Kit Ayllett,kayllett4h@go.com
163,+7-701-993-2072,163,Jillie Habbal,jhabbal4i@wikimedia.org
164,+62-158-996-0085,164,Glenda Saurat,gsaurat4j@blinklist.com
165,+86-739-231-0440,165,Celisse Snepp,csnepp4k@census.gov
166,+48-902-793-8722,166,Tobye Pretley,tpretley4l@friendfeed.com
167,+63-800-540-7060,167,Margaretta Windmill,mwindmill4m@examiner.com
168,+63-524-530-1082,168,Nancy Clifft,nclifft4n@sitemeter.com
169,+7-668-283-9809,169,Chloris Sprasen,csprasen4o@mac.com
170,+55-876-210-7883,170,Heather Gooley,hgooley4p@wikipedia.org
171,+86-604-883-9315,171,Rudd Mines,rmines4q@imdb.com
172,+62-315-829-7771,172,Crosby Chastanet,cchastanet4r@yelp.com
173,+53-565-766-2442,173,Di Rowlings,drowlings4s@etsy.com
174,+55-278-811-2663,174,Kata Oag,koag4t@gizmodo.com
175,+380-508-492-0844,175,Elsa Golland,egolland4u@smugmug.com
176,+20-729-994-3191,176,Tallie Heaviside,
177,+963-290-882-3747,177,Mellie Dutson,mdutson4w@weibo.com
178,+86-811-712-6924,178,Fiona Cuell,fcuell4x@gravatar.com
179,+98-631-954-7856,179,Marjy Brasted,mbrasted4y@yandex.ru
180,+33-165-206-7178,180,Phyllys Castro,pcastro4z@acquirethisname.com
181,+63-866-219-5090,181,Archibaldo Vamplew,avamplew50@imageshack.us
182,+93-731-488-4905,182,Monah Calf,mcalf51@scientificamerican.com
183,+7-978-207-0554,183,Stanton Noot,snoot52@mac.com
184,+62-493-403-9494,184,Cindy Ratter,cratter53@addthis.com
185,+7-783-726-8835,185,Ervin Gorke,egorke54@360.cn
186,+63-376-780-4072,186,Tate Goulding,tgoulding55@paypal.com
187,+55-617-610-4507,187,Antonin Clemo,aclemo56@wikispaces.com
188,+351-536-622-0989,188,Zonda Scryne,zscryne57@go.com
189,+993-797-992-8287,189,Kesley Boulstridge,kboulstridge58@ucsd.edu
190,+53-464-698-4877,190,Mill Rummer,mrummer59@privacy.gov.au
191,+62-211-462-5695,191,Pembroke Willatts,pwillatts5a@edublogs.org
192,+234-272-729-1858,192,Munmro Merman,mmerman5b@unblog.fr
193,+63-328-491-3273,193,Flem Rentz,frentz5c@sogou.com
194,+86-784-549-9506,194,Hunter Gaskins,hgaskins5d@chicagotribune.com
195,+86-312-801-5756,195,Devon Berling,dberling5e@salon.com
196,+62-372-657-5611,196,Juditha Wickes,jwickes5f@ow.ly
197,+51-760-415-2749,197,Welbie Ambrogioli,
198,+351-599-545-7979,198,Cari Lope,clope5h@xrea.com
199,+82-242-298-0438,199,Julita Harmant,jharmant5i@yandex.ru
200,+86-363-453-9429,200,Vikki Arman,varman5j@mozilla.com
201,+380-848-162-2473,201,Antonetta Maides,amaides5k@cbc.ca
202,+62-363-224-8698,202,Smith Armand,sarmand5l@theatlantic.com
203,+502-452-538-1380,203,Bartie MacDiarmid,bmacdiarmid5m@123-reg.co.uk
204,+62-440-743-3609,204,Aundrea Desbrow,adesbrow5n@chicagotribune.com
205,+33-588-419-4993,205,Lawton Findlow,lfindlow5o@indiatimes.com
206,+48-405-561-1752,206,Valma Handman,
207,+63-258-960-9065,207,Turner Yourell,tyourell5q@webnode.com
208,+86-742-718-6511,208,Betteann Rennick,brennick5r@xing.com
209,+55-165-961-1290,209,Flem Caesman,
210,+81-993-247-0550,210,Donetta Goult,dgoult5t@list-manage.com
211,+966-828-432-4075,211,Jermayne Willeman,jwilleman5u@dropbox.com
212,+52-969-563-9127,212,Gizela Smewings,gsmewings5v@arizona.edu
213,+420-865-108-6885,213,Antonino Clapson,aclapson5w@webeden.co.uk
214,+86-139-740-8583,214,Nicoli Netting,nnetting5x@purevolume.com
215,+1-202-334-7388,215,Molly Kinahan,mkinahan5y@miitbeian.gov.cn
216,+63-132-335-7098,216,Aharon Licas,alicas5z@delicious.com
217,+595-341-421-1410,217,Annetta Chezelle,
218,+251-894-663-6847,218,Angy Feakins,afeakins61@google.pl
219,+251-222-123-6232,219,Ferrell Leman,fleman62@google.nl
220,+216-854-657-7438,220,Dulcia Thumnel,dthumnel63@miibeian.gov.cn
221,+62-933-206-9151,221,Mufi Gilbeart,mgilbeart64@stanford.edu
222,+689-622-861-6778,222,Brander Stripp,bstripp65@hubpages.com
223,+46-207-601-3861,223,Ettore Wharby,ewharby66@merriam-webster.com
224,+86-330-540-1706,224,Maisie Dugue,mdugue67@google.cn
225,+58-604-631-0415,225,Margie Cavie,mcavie68@imdb.com
226,+58-687-604-2935,226,Hulda Cottingham,hcottingham69@scribd.com
227,+7-891-363-7985,227,Brenden Velte,bvelte6a@linkedin.com
228,+355-479-905-5968,228,Clarine Battyll,cbattyll6b@nhs.uk
229,+86-125-365-6583,229,Tonya Sesons,tsesons6c@bandcamp.com
230,+48-354-159-5237,230,Betti Forestall,bforestall6d@businesswire.com
231,+86-293-945-8726,231,Robbi Bettenson,rbettenson6e@ihg.com
232,+504-856-955-0839,232,Fionna Cody,fcody6f@cisco.com
233,+56-605-530-7700,233,Gibbie Scarfe,gscarfe6g@who.int
234,+63-954-119-5629,234,Heindrick Trevaskiss,htrevaskiss6h@ebay.co.uk
235,+976-648-211-3194,235,Sileas Merali,smerali6i@skype.com
236,+54-541-681-4139,236,Rani Buttner,rbuttner6j@typepad.com
237,+62-427-142-1759,237,Sallie McCrea,smccrea6k@livejournal.com
238,+86-567-822-5770,238,Sheelagh Tregunnah,stregunnah6l@ca.gov
239,+46-739-839-5785,239,Felicdad Eric,feric6m@discovery.com
240,+241-488-141-6824,240,Valerie Worsnup,vworsnup6n@t-online.de
241,+351-282-329-1272,241,Sallee Ghidotti,sghidotti6o@accuweather.com
242,+86-815-762-2037,242,Deny Bambrugh,dbambrugh6p@biblegateway.com
243,+976-774-523-8154,243,Regina MacClenan,rmacclenan6q@bloglines.com
244,+86-731-477-7328,244,Clemens Greensmith,cgreensmith6r@freewebs.com
245,+249-275-448-9756,245,Lorettalorna Happel,lhappel6s@shareasale.com
246,+84-553-787-0641,246,Riannon Badcock,rbadcock6t@sohu.com
247,+90-598-649-5953,247,Katerine Drewett,kdrewett6u@networkadvertising.org
248,+48-139-673-9439,248,Phebe Locks,plocks6v@lulu.com
249,+7-857-490-8572,249,Maurice Holtaway,mholtaway6w@webmd.com
250,+62-227-633-3376,250,Carlin Soule,csoule6x@slashdot.org
251,+506-702-769-9341,251,Lizbeth Gun,lgun6y@ucla.edu
252,+1-725-470-8576,252,Christophorus Arboin,carboin6z@livejournal.com
253,+62-222-988-0791,253,Candi Franzonetti,cfranzonetti70@narod.ru
254,+62-841-961-1055,254,Carlye Wimp,cwimp71@skype.com
255,+62-748-215-4812,255,Cooper Meaders,cmeaders72@github.com
256,+48-774-557-9370,256,Joseito Northcott,jnorthcott73@hhs.gov
257,+33-285-765-0946,257,Farris Benadette,fbenadette74@gov.uk
258,+46-724-423-9641,258,Marve Oakinfold,moakinfold75@ucoz.com
259,+57-650-121-2311,259,Claiborn Emm,
260,+33-402-300-0936,260,Rhianna Chappell,rchappell77@skyrock.com
261,+216-899-418-2499,261,Mirna Benedek,mbenedek78@nsw.gov.au
262,+86-906-584-1175,262,Elbert Descroix,edescroix79@house.gov
263,+55-211-801-3718,263,Harlin Lindwall,
264,+94-707-528-9311,264,Cletus Tingley,ctingley7b@opensource.org
265,+86-749-532-7473,265,Benedikta McReynolds,bmcreynolds7c@quantcast.com
266,+48-169-233-5208,266,Vidovic Ivanchikov,vivanchikov7d@blogspot.com
267,+380-191-525-2272,267,Shanda Ellerington,sellerington7e@g.co
268,+353-525-982-6444,268,Chelsy Edgin,cedgin7f@youtube.com
269,+58-400-150-6738,269,Colet Crummie,ccrummie7g@lulu.com
270,+86-247-508-4601,270,Zacharie Kestin,zkestin7h@bloglines.com
271,+380-370-402-2235,271,Iggy Whiteway,iwhiteway7i@ucoz.ru
272,+381-303-832-2296,272,Preston Handasyde,phandasyde7j@walmart.com
273,+7-392-881-3435,273,Lavinie Winkett,
274,+63-717-412-5476,274,Shelby Faires,
275,+46-461-635-0344,275,Gustaf Lamplugh,
276,+234-715-810-1072,276,Jonathon Clixby,jclixby7n@huffingtonpost.com
277,+375-541-918-5333,277,Ingeberg Celiz,iceliz7o@bigcartel.com
278,+55-101-943-3492,278,Arielle Rosenzwig,arosenzwig7p@mediafire.com
279,+92-716-398-4042,279,Alf Elderton,aelderton7q@biglobe.ne.jp
280,+1-971-488-4196,280,Philippine Jobling,pjobling7r@privacy.gov.au
281,+86-175-728-2387,281,Nye Nibloe,
282,+30-917-575-4387,282,Ynes Canon,
283,+48-957-496-6258,283,Amerigo Gockeler,agockeler7u@hexun.com
284,+595-305-202-0617,284,Sterling Doyle,sdoyle7v@state.gov
285,+351-259-382-7933,285,Duffy Heaford,dheaford7w@xrea.com
286,+62-849-897-7510,286,Robin Jansie,rjansie7x@plala.or.jp
287,+86-111-691-1471,287,Olive Garrison,ogarrison7y@vimeo.com
288,+1-605-294-3140,288,Becky Metherell,bmetherell7z@abc.net.au
289,+47-110-236-5334,289,Charlie Bonavia,cbonavia80@google.co.uk
290,+7-440-610-2246,290,Beatriz Rosengarten,brosengarten81@umn.edu
291,+51-190-249-5178,291,Verna Caesman,
292,+7-802-676-2657,292,Winifield Askam,waskam83@hubpages.com
293,+86-517-816-4254,293,Mathe Davidde,mdavidde84@1und1.de
294,+81-888-721-0999,294,Lenore Spooner,lspooner85@mapquest.com
295,+255-533-814-1445,295,Moritz Maslin,mmaslin86@acquirethisname.com
296,+358-431-867-1548,296,Alan Briskey,abriskey87@etsy.com
297,+86-120-388-2018,297,Alissa Ransbury,aransbury88@t-online.de
298,+380-378-600-9238,298,Vernor Pendock,vpendock89@harvard.edu
299,+66-765-415-0875,299,Mariellen Landa,mlanda8a@acquirethisname.com
300,+351-833-464-0135,300,Wolf MacIlraith,wmacilraith8b@360.cn
301,+86-370-341-2026,301,Rustin McGerr,rmcgerr8c@fastcompany.com
302,+86-506-590-9341,302,Homer Dempster,hdempster8d@globo.com
303,+86-214-748-3916,303,Rupert Thickpenny,
304,+49-255-773-5723,304,Breanne Peron,bperon8f@yandex.ru
305,+62-841-245-9427,305,Oliy Putson,oputson8g@dropbox.com
306,+7-963-934-5987,306,Cornelle Pinckney,
307,+380-648-990-3786,307,Aarika O'Connolly,aoconnolly8i@sogou.com
308,+43-605-252-2861,308,Yelena Burchfield,yburchfield8j@example.com
309,+55-657-258-8924,309,Pepita Teesdale,pteesdale8k@yelp.com
310,+62-530-609-7103,310,Mallorie Weymouth,mweymouth8l@cam.ac.uk
311,+34-709-637-4639,311,Dex Budnik,dbudnik8m@wisc.edu
312,+62-568-878-3164,312,Yvon MacGinley,
313,+54-149-220-3011,313,Bruis McElroy,bmcelroy8o@upenn.edu
314,+62-230-247-0715,314,Rutledge Chark,rchark8p@yellowbook.com
315,+972-835-331-8957,315,Gretta Hurford,ghurford8q@clickbank.net
316,+63-865-899-9914,316,Francis Shackelton,fshackelton8r@baidu.com
317,+33-429-153-6527,317,Oswell Smartman,osmartman8s@cbslocal.com
318,+252-778-395-3425,318,Craggy Conyard,cconyard8t@wisc.edu
319,+255-942-153-8188,319,Amelina Thake,athake8u@hhs.gov
320,+62-716-563-9113,320,Artie Bompass,abompass8v@comcast.net
321,+63-551-750-2327,321,Gwendolin Ricket,gricket8w@ftc.gov
322,+63-981-428-5620,322,Jodi Sigert,jsigert8x@plala.or.jp
323,+62-617-950-7053,323,Harry McNalley,hmcnalley8y@economist.com
324,+63-485-858-2969,324,Bordie Brazer,bbrazer8z@ucoz.ru
325,+62-135-174-6083,325,Katharyn Ollcott,kollcott90@symantec.com
326,+351-228-371-1616,326,Merci Python,mpython91@jigsy.com
327,+972-730-912-1726,327,Jefferson Weben,
328,+86-783-271-5517,328,Celestyn Watsam,cwatsam93@twitpic.com
329,+52-248-203-1150,329,Lydie Bamling,lbamling94@fastcompany.com
330,+53-852-148-4811,330,Tisha Mazdon,tmazdon95@utexas.edu
331,+66-122-890-6588,331,Charlene Birtley,cbirtley96@taobao.com
332,+86-832-517-9746,332,Sandor Farlow,sfarlow97@freewebs.com
333,+389-891-113-4886,333,Selig Cowlam,scowlam98@lulu.com
334,+86-935-892-7249,334,Griffin Sturdy,gsturdy99@technorati.com
335,+81-787-968-0733,335,Verine Gavey,vgavey9a@bandcamp.com
336,+591-821-418-4379,336,Ardelia Yoakley,ayoakley9b@eventbrite.com
337,+81-128-927-2949,337,Bern Bowler,bbowler9c@foxnews.com
338,+53-248-754-8841,338,Heida Shackleford,hshackleford9d@reference.com
339,+1-814-798-5475,339,Josy Bavister,jbavister9e@joomla.org
340,+92-271-252-4568,340,Alvira Jozsika,ajozsika9f@twitter.com
341,+1-626-239-6330,341,Iorgos Bercher,ibercher9g@zdnet.com
342,+255-989-827-8329,342,Lorilyn Farry,lfarry9h@mediafire.com
343,+48-330-848-7425,343,Cherrita Bayns,cbayns9i@a8.net
344,+48-378-554-2621,344,Shelli Yesipov,syesipov9j@photobucket.com
345,+7-710-736-6400,345,Myrilla Kemitt,mkemitt9k@cornell.edu
346,+970-766-676-1733,346,Odele Hallyburton,ohallyburton9l@narod.ru
347,+420-177-367-7361,347,Eldon True,etrue9m@flickr.com
348,+55-476-163-1528,348,Georas Eykelbosch,geykelbosch9n@privacy.gov.au
349,+55-878-750-3754,349,Sherman Bransom,sbransom9o@bloomberg.com
350,+351-482-144-4380,350,Kyle Dommerque,kdommerque9p@mashable.com
351,+86-660-943-7320,351,Lela Balme,lbalme9q@quantcast.com
352,+98-472-300-9588,352,Grantley Santus,gsantus9r@hubpages.com
353,+62-460-113-7316,353,Sammie Rodbourne,srodbourne9s@dmoz.org
354,+55-900-900-2942,354,Tadio Ingleton,tingleton9t@sfgate.com
355,+63-450-593-5991,355,Millisent Sparkwell,msparkwell9u@seattletimes.com
356,+86-142-469-0949,356,Ariela Peak,apeak9v@oaic.gov.au
357,+66-651-121-3995,357,Harald Cornau,hcornau9w@jiathis.com
358,+967-928-605-2754,358,Carver Sommerland,csommerland9x@google.fr
359,+47-257-955-5625,359,Drona Cutler,dcutler9y@ucoz.com
360,+58-292-849-2001,360,Jacobo Gerrets,jgerrets9z@geocities.jp
361,+86-271-397-6671,361,Layton Carleton,lcarletona0@google.de
362,+86-999-686-4269,362,Fey Hannigane,fhanniganea1@cafepress.com
363,+54-945-864-5583,363,Jaimie Avent,
364,+62-713-365-5994,364,Massimiliano Elphinstone,melphinstonea3@bravesites.com
365,+52-176-646-9387,365,Johnna Beeres,jbeeresa4@loc.gov
366,+212-253-858-1335,366,Jeramie Abbet,jabbeta5@google.ca
367,+46-300-141-1588,367,Herculie Michie,hmichiea6@163.com
368,+86-104-942-5091,368,Arney Tarborn,atarborna7@ox.ac.uk
369,+55-109-215-0589,369,Etti Hellier,ehelliera8@friendfeed.com
370,+51-362-672-2199,370,Kennedy Sangra,ksangraa9@pcworld.com
371,+86-387-405-0616,371,Desmond Fasset,dfassetaa@pen.io
372,+7-737-485-5824,372,Ginelle Fetter,gfetterab@ucoz.com
373,+1-918-460-3604,373,Leona Bourrel,lbourrelac@globo.com
374,+251-985-560-5160,374,Astrix Fowkes,afowkesad@cnet.com
375,+33-505-299-2343,375,Addy Touret,atouretae@furl.net
376,+33-828-687-2628,376,Elmo Casero,ecaseroaf@slideshare.net
377,+62-983-446-7334,377,Gerrilee Lukasen,glukasenag@rediff.com
378,+251-342-867-1417,378,Wendie Backwell,wbackwellah@omniture.com
379,+1-404-370-6885,379,Nesta Mulbry,nmulbryai@earthlink.net
380,+351-802-159-2595,380,Roobbie Rudgerd,rrudgerdaj@de.vu
381,+678-666-576-4923,381,Scott Bakewell,sbakewellak@vistaprint.com
382,+351-639-998-3472,382,Kristi Rowntree,krowntreeal@a8.net
383,+358-975-788-7625,383,Selina Boldock,sboldockam@usda.gov
384,+98-465-843-3801,384,Ozzy Layman,olaymanan@tripod.com
385,+353-191-646-9998,385,Duffy Gair,dgairao@google.com.hk
386,+255-439-162-0111,386,Norri Cain,ncainap@twitter.com
387,+351-224-957-2408,387,Kally Hundley,khundleyaq@reverbnation.com
388,+57-954-383-1187,388,Jacquette Cornier,
389,+502-641-971-8914,389,Susette Bembrick,sbembrickas@gmpg.org
390,+86-321-529-7348,390,Jessalyn Gianinotti,jgianinottiat@nps.gov
391,+234-845-485-8018,391,Alethea Robjohns,arobjohnsau@blogger.com
392,+7-891-769-8250,392,Lydon Walkden,lwalkdenav@google.fr
393,+62-162-379-2096,393,Boot Brazer,
394,+62-630-311-7698,394,Gustav Giampietro,ggiampietroax@ted.com
395,+976-379-434-2723,395,Jeniffer Sylvaine,jsylvaineay@ihg.com
396,+51-613-301-7439,396,Harwilll Gipp,hgippaz@eepurl.com
397,+81-495-717-1654,397,Sidonnie Blesli,sbleslib0@youtu.be
398,+7-685-690-0105,398,Aura Leason,aleasonb1@yellowpages.com
399,+86-736-429-3820,399,Emilia Broadhurst,ebroadhurstb2@noaa.gov
400,+49-488-528-9885,400,Ketti McKinney,kmckinneyb3@smugmug.com
401,+62-507-818-9131,401,Liuka Mibourne,lmibourneb4@privacy.gov.au
402,+33-637-671-6568,402,Gan Jobson,gjobsonb5@furl.net
403,+221-784-916-6288,403,Amelita Jesty,ajestyb6@timesonline.co.uk
404,+86-312-985-7017,404,Gibby Duffill,
405,+30-839-429-9636,405,Allys Burras,aburrasb8@google.cn
406,+420-745-717-1864,406,Pearce Chaplyn,pchaplynb9@domainmarket.com
407,+55-268-986-6522,407,Olivie Lindell,olindellba@biblegateway.com
408,+233-199-933-0015,408,Luz Fawthorpe,lfawthorpebb@fastcompany.com
409,+63-933-623-7151,409,Maynord Goulston,mgoulstonbc@w3.org
410,+55-184-596-4338,410,Harv Chapell,hchapellbd@sciencedirect.com
411,+86-569-205-5808,411,Chantalle Mainds,cmaindsbe@webnode.com
412,+33-169-427-1364,412,Katharina Swayne,
413,+256-358-214-6841,413,De witt Lammie,dwittbg@so-net.ne.jp
414,+86-343-816-5332,414,Eunice Matantsev,ematantsevbh@xing.com
415,+86-283-732-5444,415,Janifer Costelloe,jcostelloebi@deliciousdays.com
416,+7-883-240-5122,416,King Semble,ksemblebj@naver.com
417,+86-198-133-0989,417,Noe Matchett,nmatchettbk@buzzfeed.com
418,+1-827-465-2847,418,Garey Hugill,
419,+62-631-894-2921,419,Abey Prowting,aprowtingbm@studiopress.com
420,+33-706-645-9523,420,Mile Cluley,mcluleybn@purevolume.com
421,+86-438-502-8026,421,Willard Vasey,wvaseybo@instagram.com
422,+33-887-270-0549,422,Fabiano Bains,fbainsbp@360.cn
423,+506-348-187-2987,423,Mae Breit,mbreitbq@creativecommons.org
424,+502-711-528-6201,424,Erastus Martusewicz,emartusewiczbr@mail.ru
425,+351-754-161-1081,425,Breena Lytton,blyttonbs@shop-pro.jp
426,+358-758-834-1890,426,Penny Parfett,pparfettbt@census.gov
427,+237-372-421-9797,427,Ardith Woan,awoanbu@hp.com
428,+976-194-946-5747,428,Maritsa Songer,msongerbv@dropbox.com
429,+1-253-649-6079,429,John Rouff,jrouffbw@google.cn
430,+1-469-597-6886,430,Connie Bohler,cbohlerbx@hexun.com
431,+48-505-546-7048,431,Jemie Andrault,jandraultby@macromedia.com
432,+351-264-845-6466,432,Vivianne Smylie,vsmyliebz@1und1.de
433,+36-838-357-5650,433,Roana Benkin,rbenkinc0@chronoengine.com
434,+63-614-952-9949,434,Ellery Kerrane,ekerranec1@chron.com
435,+33-514-488-5347,435,Hesther Hurdiss,hhurdissc2@about.me
436,+86-432-522-9706,436,Cyndi Langston,clangstonc3@creativecommons.org
437,+352-706-759-3463,437,Darill Grainge,dgraingec4@artisteer.com
438,+86-749-389-8371,438,Floris Hyrons,fhyronsc5@liveinternet.ru
439,+265-425-499-2662,439,Torre Cassely,tcasselyc6@go.com
440,+62-611-594-8453,440,Koral Daud,
441,+351-945-368-3525,441,Leisha Buckett,lbuckettc8@alexa.com
442,+86-876-147-6665,442,Engracia Kopelman,ekopelmanc9@spiegel.de
443,+86-883-855-1914,443,Garold Jone,gjoneca@ca.gov
444,+7-362-705-8367,444,Joleen Hurdiss,
445,+358-328-361-4152,445,Florrie Burchfield,fburchfieldcc@comcast.net
446,+33-482-644-8943,446,Inez MacLardie,imaclardiecd@usgs.gov
447,+86-540-365-8749,447,Jocko Pickerell,jpickerellce@studiopress.com
448,+976-124-725-3151,448,Robbie Jarrell,rjarrellcf@seattletimes.com
449,+20-821-977-1087,449,Hube Camies,hcamiescg@arizona.edu
450,+1-892-683-4627,450,Lemar Feechan,lfeechanch@msn.com
451,+86-542-657-8031,451,Winnie Haskett,whaskettci@soundcloud.com
452,+420-897-988-6099,452,Tiffie Gon,tgoncj@tinypic.com
453,+51-139-359-4329,453,Bartie Cuckson,bcucksonck@wikispaces.com
454,+52-562-894-5114,454,Margarette Aldren,maldrencl@bigcartel.com
455,+81-108-509-8491,455,Caralie McCuis,cmccuiscm@indiegogo.com
456,+1-202-961-0146,456,Eachelle Ballintyne,
457,+380-946-903-9618,457,Arnaldo Advani,aadvanico@google.ru
458,+351-481-996-8197,458,Suzann Longson,slongsoncp@discovery.com
459,+86-171-302-0420,459,Woodman Ebbins,
460,+86-403-934-5727,460,Lizzy Dear,ldearcr@vimeo.com
461,+86-373-509-5677,461,Ortensia Hartwright,ohartwrightcs@chron.com
462,+7-703-482-3822,462,Ric McClelland,rmcclellandct@xing.com
463,+86-941-980-5387,463,Bev Morican,
464,+86-748-910-7452,464,Fayina Hail,fhailcv@lulu.com
465,+62-814-799-7287,465,Indira Huckell,
466,+86-685-681-3929,466,Celene Toplis,ctopliscx@unesco.org
467,+62-857-120-2745,467,Waldo Dorning,wdorningcy@rakuten.co.jp
468,+46-632-428-0995,468,Ximenes Selly,xsellycz@ucoz.ru
469,+54-960-908-8101,469,Estevan Tothe,etothed0@pagesperso-orange.fr
470,+95-549-797-6300,470,Raoul Blenkhorn,rblenkhornd1@intel.com
471,+7-815-610-8934,471,Caria Sholem,
472,+389-657-819-0507,472,Tandi Brack,tbrackd3@surveymonkey.com
473,+595-801-720-7900,473,Roy Le Noire,rled4@sfgate.com
474,+351-267-282-0950,474,Hendrick Ghiron,
475,+63-237-562-0200,475,Will Morrill,wmorrilld6@dedecms.com
476,+62-431-467-0709,476,Ole Rosenkranc,orosenkrancd7@oracle.com
477,+81-198-371-2748,477,Kizzie Fitch,kfitchd8@auda.org.au
478,+380-422-444-6053,478,Robbert Bilsborrow,rbilsborrowd9@blinklist.com
479,+420-408-717-1632,479,Brod Lafee,blafeeda@salon.com
480,+7-432-984-6064,480,Wyn Abson,wabsondb@cisco.com
481,+62-744-625-2152,481,Reggis Hinder,rhinderdc@go.com
482,+30-692-617-4458,482,Alleyn Kores,
483,+351-143-695-2433,483,Mora Garbutt,mgarbuttde@twitter.com
484,+46-299-725-0428,484,Jarrett Alvin,jalvindf@fc2.com
485,+53-314-555-2127,485,Ranice Welham,rwelhamdg@java.com
486,+33-521-450-4766,486,Querida Ashelford,qashelforddh@dailymotion.com
487,+62-204-796-8079,487,Milty Saw,msawdi@alexa.com
488,+86-363-309-1511,488,Andrea Kehoe,akehoedj@storify.com
489,+86-937-638-1901,489,Sean Pretswell,spretswelldk@acquirethisname.com
490,+972-785-269-3911,490,Salvidor O'Canavan,socanavandl@discovery.com
491,+373-859-862-5094,491,Way Deedes,wdeedesdm@reference.com
492,+370-506-765-8246,492,Elisabeth Shemelt,eshemeltdn@alexa.com
493,+86-799-810-6436,493,Annetta Barrowcliff,abarrowcliffdo@tumblr.com
494,+7-701-991-0954,494,Dulcinea Slater,dslaterdp@timesonline.co.uk
495,+7-478-839-2372,495,Meriel People,mpeopledq@hostgator.com
496,+261-201-560-9906,496,Elvera Folbig,
497,+81-192-153-5055,497,Carlin Ethridge,cethridgeds@geocities.com
498,+86-391-547-4719,498,Cirillo Ummfrey,cummfreydt@ftc.gov
499,+86-299-974-2307,499,Euell Beany,
500,+54-222-100-6994,500,Annalise O'Scully,aoscullydv@moonfruit.com
501,+86-143-109-9986,501,Casar Elcoux,celcouxdw@indiatimes.com
502,+351-504-522-7838,502,Samara Gilks,sgilksdx@columbia.edu
503,+86-211-378-2701,503,Helge Rizzello,hrizzellody@huffingtonpost.com
504,+86-629-490-3343,504,Vonnie Belch,vbelchdz@shareasale.com
505,+63-511-134-9859,505,Tobiah Lange,tlangee0@github.com
506,+1-631-383-6577,506,Vittorio Bowmen,vbowmene1@cam.ac.uk
507,+387-699-449-3303,507,Darsey Roft,drofte2@purevolume.com
508,+20-701-193-4625,508,Ruthann Redhead,rredheade3@boston.com
509,+234-155-977-4625,509,Waylen Shercliff,wshercliffe4@edublogs.org
510,+502-430-673-6736,510,Addy Eliasson,aeliassone5@comsenz.com
511,+63-948-345-6840,511,Taite Lipgens,tlipgense6@comcast.net
512,+55-418-717-3331,512,Melesa Leatham,mleathame7@guardian.co.uk
513,+66-552-566-8931,513,Fair Bredgeland,fbredgelande8@ning.com
514,+63-723-599-1945,514,Adaline Rehor,
515,+63-387-845-8008,515,Elwira Jados,ejadosea@skype.com
516,+267-441-230-5568,516,Lonny Wison,lwisoneb@goo.ne.jp
517,+386-940-724-8157,517,Reid Ryman,rrymanec@mit.edu
518,+62-839-408-8740,518,Chic Lemon,clemoned@walmart.com
519,+502-236-824-2785,519,Meryl Maytum,
520,+31-836-563-4499,520,Felisha Dominec,fdominecef@ted.com
521,+86-115-275-3630,521,Gayler Segrott,gsegrotteg@google.co.uk
522,+86-140-174-9463,522,Lurlene Rolstone,lrolstoneeh@mlb.com
523,+86-750-109-5979,523,Bearnard Hubback,
524,+86-203-417-5625,524,Lela Twatt,ltwattej@gravatar.com
525,+86-539-442-5894,525,Clarie Caldroni,ccaldroniek@amazon.de
526,+971-612-335-0044,526,Mada Adamovich,madamovichel@blogspot.com
527,+66-245-949-3889,527,Joann Onion,jonionem@yelp.com
528,+7-289-253-5851,528,Moshe Cardenoza,mcardenozaen@addthis.com
529,+63-840-951-5334,529,Sonia Mockett,smocketteo@parallels.com
530,+62-160-381-1201,530,Lucian Kinnon,lkinnonep@woothemes.com
531,+86-547-879-9429,531,Matty Jacquot,mjacquoteq@miitbeian.gov.cn
532,+66-375-999-2547,532,Nahum Petlyura,
533,+46-139-862-4739,533,Kaiser Abbots,kabbotses@weibo.com
534,+31-236-640-9747,534,Dominga Biggadike,dbiggadikeet@miibeian.gov.cn
535,+66-920-522-1252,535,Janos Redan,jredaneu@mlb.com
536,+970-421-862-8269,536,Verna Laurenz,vlaurenzev@smugmug.com
537,+63-403-590-7899,537,Morgen Kidder,mkidderew@woothemes.com
538,+27-355-913-4672,538,Kellby Panichelli,kpanichelliex@51.la
539,+62-936-205-1234,539,Cole Hatt,chattey@webs.com
540,+33-982-288-0420,540,Sheppard Rudgley,srudgleyez@deliciousdays.com
541,+52-187-601-0261,541,Haslett Masham,hmashamf0@ustream.tv
542,+62-243-782-1401,542,Lorna Jessen,ljessenf1@eepurl.com
543,+386-698-424-4121,543,Garey Zealander,gzealanderf2@goodreads.com
544,+86-948-655-6314,544,Enoch Ralfe,eralfef3@de.vu
545,+82-985-351-2442,545,Cari Faragan,cfaraganf4@usatoday.com
546,+62-747-948-6726,546,Angy Wibberley,
547,+48-507-324-2332,547,Gustave Gollop,ggollopf6@tripadvisor.com
548,+504-174-683-7446,548,Sandie Duckwith,sduckwithf7@nih.gov
549,+976-800-536-7016,549,Kendre Boyet,kboyetf8@wunderground.com
550,+1-402-826-9537,550,Chickie Matonin,cmatoninf9@sina.com.cn
551,+86-107-346-7593,551,Stanislaw Bedminster,sbedminsterfa@prnewswire.com
552,+82-949-378-9552,552,Bernadina Cowle,bcowlefb@imgur.com
553,+81-133-662-2000,553,Diannne Van Haeften,dvanfc@hibu.com
554,+7-601-744-2357,554,Gerrie Brett,gbrettfd@elpais.com
555,+420-881-701-2590,555,Carol-jean Pittendreigh,cpittendreighfe@51.la
556,+57-278-393-0659,556,Klara Ruane,kruaneff@ucoz.ru
557,+62-147-773-1441,557,Wilbur Mellings,
558,+351-542-709-9794,558,Shara Vidler,svidlerfh@freewebs.com
559,+81-114-696-4712,559,Nickie Middleditch,
560,+7-873-806-5640,560,Daryn Vickarman,dvickarmanfj@diigo.com
561,+62-630-445-8368,561,Tansy Jerman,
562,+976-677-717-8249,562,Kaleb Sharer,ksharerfl@ocn.ne.jp
563,+62-436-183-7414,563,Feliza Beldom,fbeldomfm@yolasite.com
564,+351-901-857-7687,564,Perri Pender,ppenderfn@uol.com.br
565,+55-946-399-2606,565,Klemens Witherington,kwitheringtonfo@soup.io
566,+244-551-291-0319,566,Perla Lindstedt,plindstedtfp@jalbum.net
567,+691-992-645-2794,567,Nicolle Yo,nyofq@hhs.gov
568,+62-108-258-6055,568,Evania Jewess,ejewessfr@bing.com
569,+62-169-543-9451,569,Sharia Beden,sbedenfs@comcast.net
570,+86-980-521-9351,570,Judye Stut,jstutft@shareasale.com
571,+63-528-497-0523,571,Darbee Bouldon,dbouldonfu@unc.edu
572,+30-243-801-5977,572,Jillane Diwell,jdiwellfv@bluehost.com
573,+54-308-912-2409,573,Rupert Abbatini,rabbatinifw@sitemeter.com
574,+86-457-504-8793,574,Gasparo Lazenby,glazenbyfx@google.pl
575,+86-192-164-1048,575,Hymie Boat,hboatfy@mashable.com
576,+351-441-137-8731,576,Christalle Rate,cratefz@theatlantic.com
577,+254-994-854-8238,577,Betty Nudde,bnuddeg0@techcrunch.com
578,+55-614-164-7467,578,Kerk Ohrt,kohrtg1@e-recht24.de
579,+86-264-823-9287,579,Victoir Schutter,vschutterg2@4shared.com
580,+595-155-599-7918,580,Donn Howselee,dhowseleeg3@prlog.org
581,+98-904-164-5814,581,Bertram Bergeon,bbergeong4@blogspot.com
582,+252-428-742-9409,582,Corbin Cleminshaw,ccleminshawg5@scientificamerican.com
583,+62-995-132-9857,583,Kristyn Martinello,kmartinellog6@cam.ac.uk
584,+62-767-718-0028,584,Annelise Hrihorovich,ahrihorovichg7@skyrock.com
585,+237-615-286-5633,585,Yolanda Pawsey,ypawseyg8@independent.co.uk
586,+1-682-339-0113,586,Stephine Camellini,scamellinig9@flavors.me
587,+86-317-114-0950,587,Kial McGowan,kmcgowanga@spotify.com
588,+86-607-271-1502,588,Wilt Lett,wlettgb@facebook.com
589,+62-576-522-6442,589,Gris Hatchette,ghatchettegc@dailymail.co.uk
590,+86-784-482-4723,590,Lynnell Shucksmith,lshucksmithgd@china.com.cn
591,+46-976-592-1528,591,Charmine Menault,cmenaultge@plala.or.jp
592,+62-774-190-4914,592,Melly Khan,mkhangf@yelp.com
593,+7-374-358-9782,593,Ferd Blackey,fblackeygg@unblog.fr
594,+33-378-712-8250,594,Linda Linder,
595,+7-865-957-4067,595,Bendicty Vashchenko,bvashchenkogi@over-blog.com
596,+63-917-314-5820,596,Dierdre Boarleyson,dboarleysongj@hhs.gov
597,+86-800-848-6062,597,Timmy Tirone,ttironegk@cloudflare.com
598,+63-478-576-7258,598,Hugh Reinhart,hreinhartgl@state.tx.us
599,+62-421-687-5804,599,Bronny Tolputt,btolputtgm@who.int
600,+86-605-959-6038,600,Dulce Carruthers,
601,+63-900-561-3338,601,Yasmeen Dimsdale,ydimsdalego@cpanel.net
602,+20-969-429-8841,602,Tara Adamovicz,tadamoviczgp@theglobeandmail.com
603,+420-375-705-2074,603,Phineas Backshall,
604,+51-188-892-9720,604,Chucho O'Neill,coneillgr@apache.org
605,+60-448-917-9569,605,Constancia Kervin,ckervings@flavors.me
606,+46-781-875-6624,606,Netty Arni,narnigt@wsj.com
607,+55-557-405-8796,607,Kinsley Campagne,kcampagnegu@1688.com
608,+62-701-745-3809,608,Konstantin Delamere,kdelameregv@google.co.jp
609,+7-146-484-1876,609,Elbertine Dictus,
610,+998-433-976-2003,610,Sid Whitty,swhittygx@japanpost.jp
611,+380-475-524-0432,611,Dulsea Pedley,dpedleygy@mac.com
612,+86-617-969-8227,612,Laetitia Attoe,lattoegz@miitbeian.gov.cn
613,+33-104-462-5454,613,Brett Gepheart,bgephearth0@ca.gov
614,+62-354-554-8023,614,Katherine Oaks,koaksh1@arstechnica.com
615,+62-399-994-6535,615,Eziechiele Bennison,
616,+380-731-241-2848,616,Ransom Goulder,rgoulderh3@bravesites.com
617,+86-809-278-8842,617,Lorilyn Poate,lpoateh4@smh.com.au
618,+385-997-291-1163,618,Ella Forst,eforsth5@admin.ch
619,+86-908-710-6939,619,Allene Joscelin,ajoscelinh6@independent.co.uk
620,+30-275-901-0922,620,Lowrance Matissoff,lmatissoffh7@loc.gov
621,+256-492-952-8034,621,Filide Clapshaw,fclapshawh8@e-recht24.de
622,+504-568-620-1848,622,Felita Gianasi,fgianasih9@google.pl
623,+48-467-252-3098,623,Lark Akett,lakettha@acquirethisname.com
624,+381-160-954-6553,624,Shirline Hurndall,shurndallhb@nature.com
625,+62-601-650-0039,625,Ophelia Wahncke,owahnckehc@weibo.com
626,+86-423-681-4791,626,Carina Roddell,croddellhd@pinterest.com
627,+7-630-263-8503,627,Josephine Lockton,jlocktonhe@ucsd.edu
628,+212-497-687-1880,628,Gayla Edser,
629,+86-527-273-5962,629,Annecorinne Dyne,adynehg@ebay.co.uk
630,+420-979-870-8378,630,Darby Palfreyman,dpalfreymanhh@go.com
631,+387-593-198-2805,631,Rianon Werrett,rwerretthi@eventbrite.com
632,+62-954-124-9888,632,Garik Renouf,
633,+420-854-408-2094,633,Ariadne Brunone,abrunonehk@wired.com
634,+84-935-962-6796,634,Godfree Hargess,
635,+976-489-327-7098,635,Christi Ebbett,cebbetthm@acquirethisname.com
636,+380-799-572-8942,636,Toni Blaiklock,
637,+255-186-394-6899,637,Daryle Antoszewski,dantoszewskiho@tmall.com
638,+1-247-408-8739,638,Debbie Spanswick,
639,+86-708-579-6885,639,Kessia Stoite,kstoitehq@forbes.com
640,+86-741-146-9805,640,Ursala Boulstridge,uboulstridgehr@opensource.org
641,+386-281-250-5705,641,Jerrylee Rosenshine,jrosenshinehs@techcrunch.com
642,+967-705-691-7489,642,Alejandrina Lowy,alowyht@nytimes.com
643,+82-744-630-0495,643,Tracy Iacovacci,tiacovaccihu@dion.ne.jp
644,+86-686-665-7754,644,Saunderson Wybrow,
645,+66-625-168-6698,645,Leigha MacNally,lmacnallyhw@sourceforge.net
646,+53-757-513-6280,646,Karalynn Jorck,kjorckhx@nih.gov
647,+237-958-968-3266,647,Bobbie Ordemann,
648,+86-263-414-5569,648,Weston Willden,wwilldenhz@washington.edu
649,+880-181-552-2850,649,Rafferty Murison,rmurisoni0@amazon.co.uk
650,+48-988-100-2136,650,Kat Labdon,klabdoni1@wired.com
651,+7-755-659-8834,651,Dasie Croasdale,dcroasdalei2@blogtalkradio.com
652,+86-246-702-0443,652,Gleda Kettow,gkettowi3@infoseek.co.jp
653,+81-835-193-2622,653,Tremayne Michell,tmichelli4@amazon.com
654,+93-760-127-4429,654,Tamar Dungate,tdungatei5@businessweek.com
655,+254-153-603-5497,655,Boigie Tinham,
656,+265-483-913-8593,656,Mayor Seman,msemani7@hc360.com
657,+81-779-276-4914,657,Kiri Calderwood,kcalderwoodi8@yolasite.com
658,+380-735-593-3767,658,Joell Boneham,jbonehami9@devhub.com
659,+46-477-529-2786,659,Redford Glastonbury,rglastonburyia@histats.com
660,+86-340-553-3276,660,Celestine Risbridge,crisbridgeib@hao123.com
661,+66-686-451-9419,661,Kimmy Coolson,kcoolsonic@friendfeed.com
662,+1-770-624-1204,662,Mellisa Bramstom,mbramstomid@lulu.com
663,+33-926-810-9032,663,Troy Badini,tbadiniie@state.tx.us
664,+48-697-846-5527,664,Jobyna Creavan,jcreavanif@gravatar.com
665,+47-752-968-6234,665,Maurie Gilardone,
666,+687-731-774-5202,666,Alicia Corson,acorsonih@hibu.com
667,+54-500-358-4018,667,Denys Bullcock,dbullcockii@spotify.com
668,+86-777-318-7662,668,Jan Toffanelli,jtoffanelliij@wordpress.com
669,+86-764-559-4079,669,Mikey Bampford,mbampfordik@theglobeandmail.com
670,+7-363-251-2987,670,Edd Lornsen,elornsenil@geocities.jp
671,+63-738-157-1873,671,Gonzalo Calow,gcalowim@ca.gov
672,+62-392-876-4041,672,Dee Bramont,dbramontin@discuz.net
673,+358-208-990-1432,673,Leia Willson,lwillsonio@reference.com
674,+86-518-875-6641,674,Elita Stanners,estannersip@simplemachines.org
675,+63-561-584-7560,675,Obie Winchcomb,owinchcombiq@sourceforge.net
676,+62-355-125-2973,676,Arnuad Peniello,apenielloir@cdc.gov
677,+62-774-553-5032,677,Nicole Eouzan,neouzanis@examiner.com
678,+7-711-489-0037,678,Zorana Saphir,
679,+1-310-758-0361,679,Gustavus Driutti,gdriuttiiu@shareasale.com
680,+92-333-146-3660,680,Wildon Drewell,wdrewelliv@marriott.com
681,+62-690-340-4628,681,Filmore Hyett,fhyettiw@privacy.gov.au
682,+66-761-385-3788,682,Francine Burgne,fburgneix@sun.com
683,+351-144-163-8984,683,Nerty Disman,ndismaniy@kickstarter.com
684,+353-223-814-1212,684,Mariam Livoir,
685,+57-324-562-6788,685,Carri Boule,cboulej0@unc.edu
686,+27-163-929-3835,686,Aileen Reboulet,arebouletj1@usgs.gov
687,+86-260-689-5443,687,Magdaia Roobottom,
688,+256-260-834-1011,688,Maria Pley,mpleyj3@tamu.edu
689,+86-442-124-4457,689,Suellen Crosscombe,scrosscombej4@wsj.com
690,+62-999-918-6987,690,Ofelia Bean,obeanj5@unicef.org
691,+86-203-456-1223,691,Antoinette Carass,acarassj6@buzzfeed.com
692,+51-644-764-3978,692,Baxy Stener,bstenerj7@nps.gov
693,+63-449-833-2307,693,Moselle Castard,mcastardj8@typepad.com
694,+86-866-933-6246,694,Roscoe Lavery,rlaveryj9@biblegateway.com
695,+267-918-317-1570,695,Henrietta Evanson,hevansonja@digg.com
696,+1-313-531-9465,696,Cherise Kingscott,ckingscottjb@github.io
697,+234-616-168-9781,697,Almeta Spavins,aspavinsjc@jugem.jp
698,+62-522-797-5975,698,Morgan Hawkshaw,mhawkshawjd@bloglines.com
699,+33-189-803-9469,699,Jeramie Joddens,jjoddensje@webs.com
700,+7-250-326-7600,700,Spense Jaggard,sjaggardjf@who.int
701,+86-779-665-7102,701,Nisse Fitzgerald,nfitzgeraldjg@xing.com
702,+48-499-795-8206,702,Lissy McAreavey,lmcareaveyjh@qq.com
703,+51-443-135-1388,703,Ricky Wrightam,rwrightamji@netvibes.com
704,+1-712-425-1315,704,Lannie Bargh,lbarghjj@scribd.com
705,+46-563-844-1872,705,Jeddy Bahl,jbahljk@pen.io
706,+63-722-757-1132,706,Jedediah McRannell,jmcrannelljl@ask.com
707,+86-730-527-6722,707,Eugine Judkins,ejudkinsjm@macromedia.com
708,+880-452-790-3615,708,Ezechiel Allot,eallotjn@diigo.com
709,+86-869-794-8230,709,Blanca Verny,bvernyjo@wunderground.com
710,+359-601-484-9131,710,Tedie Scudders,
711,+351-772-629-0601,711,Winna De Launde,wdejq@ycombinator.com
712,+54-840-120-5021,712,Gare Foxcroft,gfoxcroftjr@discovery.com
713,+62-241-154-3676,713,Alphonse Lie,aliejs@dedecms.com
714,+98-742-856-7378,714,Abbe Coram,acoramjt@unc.edu
715,+977-402-117-6668,715,Greta Matsell,gmatsellju@youtu.be
716,+234-585-146-5809,716,Chantalle Dosedale,cdosedalejv@digg.com
717,+33-672-166-7562,717,Mile Mufford,mmuffordjw@apple.com
718,+380-345-366-0270,718,Lorianna Glas,
719,+355-370-768-6797,719,Elly Coleman,ecolemanjy@yelp.com
720,+55-452-587-4571,720,Nester O'Tuohy,notuohyjz@vistaprint.com
721,+380-501-916-0398,721,Pippo Collinson,pcollinsonk0@phpbb.com
722,+63-571-764-1828,722,Dalli Dart,ddartk1@is.gd
723,+264-269-935-3861,723,Jania Wewell,jwewellk2@barnesandnoble.com
724,+351-186-225-1252,724,Tedman Emm,temmk3@imageshack.us
725,+86-214-195-2436,725,Kesley Massenhove,kmassenhovek4@usa.gov
726,+46-617-171-2268,726,Gonzalo St. Quintin,gstk5@auda.org.au
727,+86-595-301-6513,727,Quinton Halkyard,qhalkyardk6@uiuc.edu
728,+57-965-354-3028,728,Gabriella Straw,gstrawk7@rambler.ru
729,+62-883-456-6944,729,Shurlocke Mockford,smockfordk8@tinyurl.com
730,+55-667-326-0793,730,Suellen Lopes,slopesk9@shareasale.com
731,+82-324-371-8254,731,Cherianne Dresse,cdresseka@so-net.ne.jp
732,+420-448-224-7184,732,Keslie Doxey,kdoxeykb@nature.com
733,+46-109-887-3564,733,Elisa Waggitt,ewaggittkc@senate.gov
734,+7-717-681-5874,734,Kira Eddow,
735,+86-167-886-4392,735,Fidela Moulding,fmouldingke@engadget.com
736,+359-375-304-6450,736,Glen Bartosiak,gbartosiakkf@mail.ru
737,+86-606-410-2857,737,Jill Guard,
738,+420-523-290-4772,738,Leroi Vearncombe,lvearncombekh@sciencedaily.com
739,+63-961-211-3184,739,Irving Sapwell,isapwellki@geocities.com
740,+221-385-855-7850,740,Tandi Douberday,tdouberdaykj@hud.gov
741,+48-157-983-9265,741,Liane Blackborough,lblackboroughkk@zimbio.com
742,+55-675-511-0502,742,Nils Dallison,
743,+63-975-840-4899,743,Ross Sigert,rsigertkm@buzzfeed.com
744,+351-125-407-7692,744,Melisenda Duny,mdunykn@ucsd.edu
745,+86-553-778-8191,745,Templeton Eates,teatesko@bloglovin.com
746,+251-556-412-2332,746,Rutledge Lecount,rlecountkp@pbs.org
747,+502-281-402-5551,747,Lenci Copeman,
748,+57-406-482-8849,748,Ceciley Sager,csagerkr@taobao.com
749,+63-505-601-5309,749,Candra Petren,cpetrenks@webmd.com
750,+46-937-976-0376,750,Sherwynd Martello,smartellokt@furl.net
751,+86-880-847-8605,751,Fred Vanichev,fvanichevku@tripadvisor.com
752,+33-482-791-1837,752,Hewie Sharply,hsharplykv@de.vu
753,+86-401-589-6087,753,Gibby Chomicz,gchomiczkw@delicious.com
754,+62-572-131-8508,754,Raul McCarle,rmccarlekx@woothemes.com
755,+81-885-474-5045,755,Vincent Glenn,vglennky@reuters.com
756,+62-985-478-6407,756,Horatius Jeanesson,hjeanessonkz@hexun.com
757,+48-998-574-9689,757,Harold Mateu,hmateul0@cam.ac.uk
758,+234-606-172-4308,758,Lilla Hazlegrove,lhazlegrovel1@tripod.com
759,+55-332-285-8802,759,Evyn Rolfo,erolfol2@spotify.com
760,+33-127-779-1043,760,Tammy Adamini,tadaminil3@sakura.ne.jp
761,+351-146-833-5401,761,Desmond Gumley,dgumleyl4@qq.com
762,+7-820-555-3027,762,Natalee Parslow,nparslowl5@devhub.com
763,+504-946-310-8815,763,Victor Kall,vkalll6@oracle.com
764,+93-867-132-5190,764,Gerta Rourke,grourkel7@nymag.com
765,+33-953-631-7757,765,Constantin Paule,cpaulel8@storify.com
766,+62-207-650-1965,766,Nichole Havers,nhaversl9@lycos.com
767,+48-582-449-0254,767,Far Weathers,fweathersla@google.com
768,+355-640-620-1499,768,Erika Cowlin,ecowlinlb@businessweek.com
769,+63-730-179-9036,769,Trefor Rigby,trigbylc@chronoengine.com
770,+33-140-615-3185,770,Kelvin Southard,ksouthardld@unesco.org
771,+62-550-289-5525,771,Mechelle Hadwin,mhadwinle@mozilla.com
772,+51-993-135-3348,772,Sande Slee,ssleelf@earthlink.net
773,+86-711-988-9220,773,Meggie Jimenez,
774,+56-653-618-1263,774,Dollie Kirton,dkirtonlh@disqus.com
775,+7-648-762-3269,775,Gabriel Gulliver,ggulliverli@sakura.ne.jp
776,+46-727-962-0743,776,Raddy Campana,rcampanalj@mac.com
777,+351-718-114-2219,777,Daryl Andrag,dandraglk@bbc.co.uk
778,+63-430-333-6826,778,Allissa Bramont,abramontll@ifeng.com
779,+86-871-706-6405,779,Tedie Shadwick,tshadwicklm@ovh.net
780,+251-952-858-8984,780,Clair Cousans,ccousansln@eepurl.com
781,+86-590-736-6303,781,Ludovico Elverston,lelverstonlo@archive.org
782,+31-334-362-9841,782,Darby Fawthorpe,dfawthorpelp@unesco.org
783,+86-591-412-5858,783,Bobby Brasse,bbrasselq@jugem.jp
784,+63-922-802-4682,784,Rhianon Hazelgreave,rhazelgreavelr@prnewswire.com
785,+62-721-671-8105,785,Nicoline Lode,nlodels@who.int
786,+63-857-488-1860,786,Mendie Toma,mtomalt@blogtalkradio.com
787,+63-531-397-9713,787,Durward Cristofolo,dcristofololu@creativecommons.org
788,+46-610-888-3278,788,Georgianna Farlane,gfarlanelv@gravatar.com
789,+55-747-596-4312,789,Patrice Jannings,
790,+86-381-645-5483,790,Audre McArdell,amcardelllx@elegantthemes.com
791,+86-534-768-2339,791,Brietta William,bwilliamly@wiley.com
792,+504-310-724-7144,792,Brewer Blenkhorn,bblenkhornlz@altervista.org
793,+86-317-664-3954,793,Kit Filippone,kfilipponem0@123-reg.co.uk
794,+7-724-605-5182,794,Carl Vankov,cvankovm1@cnbc.com
795,+48-328-235-8561,795,Kikelia Benson,kbensonm2@hc360.com
796,+63-485-232-4444,796,Kaye Charity,kcharitym3@bluehost.com
797,+55-355-830-2163,797,Atalanta Kliemann,akliemannm4@vimeo.com
798,+27-539-546-7729,798,Kristen Dignon,kdignonm5@jiathis.com
799,+30-306-480-6869,799,Keefe Deware,kdewarem6@icio.us
800,+237-379-708-3033,800,Mirilla Stanmer,
801,+55-699-847-3104,801,Walt MacHoste,
802,+505-365-101-3992,802,Cloris Denisyev,cdenisyevm9@edublogs.org
803,+86-615-315-9645,803,Gratiana Holyard,gholyardma@cargocollective.com
804,+62-423-858-6496,804,Kania Gauntlett,
805,+1-602-990-6317,805,Lawton Hanhard,lhanhardmc@google.fr
806,+52-368-583-8791,806,Reinald Kelland,rkellandmd@fastcompany.com
807,+381-463-847-8355,807,Enrichetta Marion,emarionme@delicious.com
808,+86-926-886-8928,808,Aviva Willment,awillmentmf@barnesandnoble.com
809,+33-935-162-4730,809,Leroy Meaton,lmeatonmg@sohu.com
810,+86-197-229-4471,810,Eal Alyokhin,ealyokhinmh@joomla.org
811,+351-558-766-7540,811,Tamarra Juarez,tjuarezmi@histats.com
812,+60-868-648-0962,812,Isak Murrow,
813,+86-906-683-2970,813,Fania Pietrzyk,fpietrzykmk@amazon.com
814,+86-347-593-0010,814,Martelle Zipsell,mzipsellml@squarespace.com
815,+86-141-811-3716,815,Verina Grasha,vgrashamm@google.ru
816,+55-477-283-5071,816,Rebeca Ackwood,rackwoodmn@google.fr
817,+62-854-806-8620,817,Lenette Chazotte,lchazottemo@macromedia.com
818,+86-416-850-9490,818,Modestia Gomes,mgomesmp@phpbb.com
819,+86-378-998-7982,819,Yale Nice,ynicemq@linkedin.com
820,+86-750-966-0595,820,Peyton Ashingden,pashingdenmr@bloglines.com
821,+20-523-810-4764,821,Joye Seares,
822,+55-707-726-1007,822,Johnna Lenaghen,jlenaghenmt@woothemes.com
823,+86-555-369-8168,823,Field Lints,flintsmu@cloudflare.com
824,+242-735-315-7449,824,Cherin MacAnellye,cmacanellyemv@rambler.ru
825,+62-461-275-3224,825,D'arcy Luisetti,dluisettimw@mac.com
826,+7-270-502-1045,826,Glendon Wederell,gwederellmx@artisteer.com
827,+1-344-952-1347,827,Bobbette Brannan,
828,+60-156-822-7191,828,Dante Hanaford,dhanafordmz@dailymail.co.uk
829,+92-543-260-8969,829,Trescha Wilmot,
830,+380-107-704-4021,830,Ailey Husk,
831,+63-242-807-9136,831,Gretel Boshier,gboshiern2@surveymonkey.com
832,+598-305-600-5474,832,Johnna Southard,jsouthardn3@example.com
833,+1-548-215-1063,833,Donaugh Wragge,dwraggen4@cdbaby.com
834,+62-824-862-6623,834,Vassily Load,vloadn5@chicagotribune.com
835,+63-436-982-4544,835,Peg Kedslie,pkedslien6@google.cn
836,+86-675-865-0712,836,Marchall Woodson,
837,+505-425-286-2153,837,Carola Calliss,ccallissn8@cmu.edu
838,+420-209-937-4933,838,Tate Cholwell,tcholwelln9@usda.gov
839,+7-566-938-6710,839,Hartwell Fontanet,hfontanetna@guardian.co.uk
840,+86-289-131-6505,840,Rebecca Brownlow,rbrownlownb@amazon.de
841,+351-596-803-0279,841,Marketa Jaan,mjaannc@whitehouse.gov
842,+48-276-342-1757,842,Nadia Pithcock,npithcocknd@merriam-webster.com
843,+60-920-186-4141,843,Avrom Steutly,asteutlyne@prlog.org
844,+48-583-126-1867,844,Tory Giovani,tgiovaninf@indiatimes.com
845,+355-444-393-8115,845,Jilli Boxen,jboxenng@disqus.com
846,+48-218-166-2827,846,Brennan Auden,baudennh@histats.com
847,+387-679-403-2439,847,Perren Wooffinden,pwooffindenni@smugmug.com
848,+234-592-452-1770,848,Eli Willsmore,ewillsmorenj@wikispaces.com
849,+46-453-288-2651,849,Moll Menezes,
850,+86-809-899-0025,850,Tommie Spilisy,tspilisynl@qq.com
851,+254-384-647-1920,851,Nerta Vibert,nvibertnm@theatlantic.com
852,+7-942-640-7572,852,Shelli Tear,stearnn@nifty.com
853,+55-195-729-3682,853,Keith Bedingfield,
854,+380-120-124-8077,854,Maye Sachno,msachnonp@wsj.com
855,+351-722-563-4533,855,Kurtis Rewcastle,
856,+86-116-431-0875,856,Miriam Kave,mkavenr@gmpg.org
857,+1-808-728-7400,857,Bianka Harrold,bharroldns@ning.com
858,+33-437-272-5724,858,Donelle Ryle,drylent@cyberchimps.com
859,+86-569-827-1823,859,Tod Goodridge,tgoodridgenu@sphinn.com
860,+1-814-594-9003,860,Kaleena Shalliker,kshallikernv@upenn.edu
861,+55-404-671-7990,861,Devi Jozwiak,djozwiaknw@wsj.com
862,+235-929-349-0863,862,Darcy Moffet,dmoffetnx@jigsy.com
863,+46-779-133-0096,863,Jefferson Gjerde,jgjerdeny@toplist.cz
864,+62-911-703-9826,864,Gabie Drewery,gdrewerynz@github.com
865,+86-781-572-4013,865,Philipa Shergill,pshergillo0@hc360.com
866,+31-706-396-5026,866,Imogen Brahms,ibrahmso1@virginia.edu
867,+84-461-598-1636,867,Piggy Crooks,pcrookso2@stanford.edu
868,+62-123-740-0810,868,Laurie Archbould,larchbouldo3@goo.gl
869,+86-202-185-1953,869,Evey Harbar,eharbaro4@paypal.com
870,+233-769-880-2944,870,Gwendolyn MacGinney,gmacginneyo5@google.pl
871,+55-789-555-3411,871,Nestor Gentile,ngentileo6@icq.com
872,+223-893-703-9534,872,Sterne Wraighte,swraighteo7@mail.ru
873,+232-619-138-5405,873,Stuart Dobel,sdobelo8@i2i.jp
874,+33-676-466-3252,874,Martynne Praill,mpraillo9@census.gov
875,+506-736-515-3939,875,Floris Whapham,fwhaphamoa@auda.org.au
876,+48-125-271-1169,876,Hilliard Tattershall,htattershallob@shinystat.com
877,+48-800-750-2556,877,Arabella Treneer,atreneeroc@businessinsider.com
878,+48-127-399-9349,878,Teddie Trynor,ttrynorod@europa.eu
879,+46-676-848-9105,879,Palm Eefting,peeftingoe@furl.net
880,+48-873-403-6048,880,Leola Cushworth,lcushworthof@comcast.net
881,+54-539-758-8812,881,Tracee Benzies,
882,+212-324-559-0335,882,Cilka Annies,canniesoh@pen.io
883,+86-953-421-5411,883,Minnnie Flowerden,mflowerdenoi@nydailynews.com
884,+63-434-561-7086,884,Bronnie Hardin,bhardinoj@hud.gov
885,+420-793-125-8901,885,Eydie Dorgon,edorgonok@opensource.org
886,+48-752-622-3108,886,Evangeline Dinnage,edinnageol@blogspot.com
887,+33-512-825-6143,887,Solomon Brewett,sbrewettom@smugmug.com
888,+62-346-835-7827,888,Camille Muldoon,cmuldoonon@weather.com
889,+52-616-341-4218,889,Alexandre Hambridge,ahambridgeoo@gov.uk
890,+51-651-593-0532,890,Christophorus Hobden,chobdenop@google.co.jp
891,+63-890-585-5256,891,Carlotta Medmore,cmedmoreoq@lycos.com
892,+267-773-584-8302,892,Ringo Golsby,rgolsbyor@zdnet.com
893,+55-761-162-7938,893,Del Girdwood,dgirdwoodos@storify.com
894,+62-648-487-8658,894,Annadiana Daventry,adaventryot@51.la
895,+1-504-890-5209,895,Deedee Maciak,
896,+30-105-489-4273,896,Odelia Pinching,opinchingov@umn.edu
897,+55-812-639-5964,897,Agna Bowley,abowleyow@tiny.cc
898,+86-178-835-7848,898,Julina Becconsall,jbecconsallox@etsy.com
899,+48-263-472-9455,899,Fidole Kilbane,
900,+62-190-840-3735,900,Carce Noddles,cnoddlesoz@networksolutions.com
901,+1-954-366-3933,901,Janifer Mumberson,jmumbersonp0@thetimes.co.uk
902,+51-783-769-0842,902,Trstram Solomonides,tsolomonidesp1@studiopress.com
903,+63-931-902-5807,903,Bert Gover,bgoverp2@rambler.ru
904,+7-368-899-0142,904,Merwin Jose,
905,+86-407-497-2957,905,Lian Treherne,ltrehernep4@wikipedia.org
906,+34-151-564-6535,906,Bobbie Caldairou,bcaldairoup5@about.me
907,+977-632-579-4269,907,Rhona Cockton,rcocktonp6@linkedin.com
908,+60-826-521-6981,908,Ines Balas,ibalasp7@nasa.gov
909,+62-147-704-5414,909,Gregory Popplestone,gpopplestonep8@elegantthemes.com
910,+33-479-749-1492,910,Raul Seres,rseresp9@wikia.com
911,+55-499-431-3066,911,Cletis Lilie,cliliepa@oakley.com
912,+420-206-816-5476,912,Giorgi Pawelke,gpawelkepb@gizmodo.com
913,+55-804-359-3896,913,Nanon Britcher,nbritcherpc@studiopress.com
914,+52-149-829-7955,914,Mozelle Charker,
915,+81-988-418-9939,915,Jocko Karlowicz,jkarlowiczpe@dailymotion.com
916,+54-685-975-0996,916,Em Padfield,epadfieldpf@timesonline.co.uk
917,+967-493-255-5703,917,Janna Toft,
918,+63-999-593-2816,918,Alikee Noon,anoonph@huffingtonpost.com
919,+55-668-894-8085,919,Ros Braddon,rbraddonpi@biblegateway.com
920,+86-229-417-7608,920,Orly Chittim,
921,+234-137-737-0127,921,Robinet MacBarron,rmacbarronpk@netscape.com
922,+62-888-816-4777,922,Lyndel Botting,lbottingpl@purevolume.com
923,+420-587-252-4158,923,Mabelle Poultney,mpoultneypm@networkadvertising.org
924,+86-179-386-1501,924,Sam Milbourn,
925,+1-304-187-7798,925,Karrah Shoreman,kshoremanpo@g.co
926,+249-885-259-1028,926,Charla Laverack,claverackpp@fema.gov
927,+48-365-641-9884,927,Krissy Havelin,khavelinpq@jigsy.com
928,+86-251-305-3209,928,Osborne Gandrich,ogandrichpr@independent.co.uk
929,+7-688-826-1699,929,Thatcher Vernalls,tvernallsps@mapquest.com
930,+86-362-794-1589,930,Price Wesson,pwessonpt@usgs.gov
931,+7-477-219-9071,931,Carlotta Karlmann,
932,+81-272-635-5589,932,Konstantine Piel,kpielpv@columbia.edu
933,+46-230-770-3276,933,Henrie Colafate,hcolafatepw@ustream.tv
934,+84-512-332-7251,934,Alisander Munnery,amunnerypx@cocolog-nifty.com
935,+7-967-657-9877,935,Daphne Attoc,dattocpy@ocn.ne.jp
936,+64-552-657-4013,936,Adams Schwartz,aschwartzpz@taobao.com
937,+7-554-570-2228,937,Nicky Putson,nputsonq0@meetup.com
938,+351-400-246-1131,938,Wilton Pecha,wpechaq1@slate.com
939,+7-161-389-5795,939,Harry Stretton,hstrettonq2@earthlink.net
940,+62-844-514-2512,940,Chester Lowy,clowyq3@un.org
941,+7-713-361-3922,941,Cornelius Adamik,cadamikq4@hubpages.com
942,+60-121-129-5762,942,Holli Baggelley,hbaggelleyq5@youtube.com
943,+34-518-245-2327,943,Raynell Roback,rrobackq6@freewebs.com
944,+62-729-379-0569,944,Cammy Noice,cnoiceq7@dedecms.com
945,+62-359-778-7260,945,Tyne Simson,tsimsonq8@arizona.edu
946,+63-380-335-0567,946,Rosaleen Kunneke,rkunnekeq9@barnesandnoble.com
947,+30-698-241-9972,947,Levi Jozef,ljozefqa@psu.edu
948,+1-769-585-8388,948,Cathrine Condie,ccondieqb@nhs.uk
949,+62-681-943-5313,949,Gaylord Elders,geldersqc@japanpost.jp
950,+48-258-562-0773,950,Susie Caswall,scaswallqd@gov.uk
951,+1-510-274-5901,951,Borden Moyles,bmoylesqe@wufoo.com
952,+62-611-702-6404,952,Jessamine Mandrake,jmandrakeqf@bbb.org
953,+62-139-484-7798,953,Sonnnie Vasichev,svasichevqg@multiply.com
954,+86-463-939-7406,954,Charmane Kernar,ckernarqh@wikipedia.org
955,+1-924-568-4363,955,Marne O'Brien,mobrienqi@bluehost.com
956,+66-165-458-1708,956,Shaughn O'Toole,sotooleqj@discuz.net
957,+966-308-489-2059,957,Hesther Nudde,hnuddeqk@stumbleupon.com
958,+30-382-842-5206,958,Wendy Shevlan,wshevlanql@cbslocal.com
959,+52-681-728-7576,959,Dierdre Blasio,dblasioqm@typepad.com
960,+355-820-981-1384,960,Carissa Benning,
961,+1-805-114-3640,961,Emmi Scothorn,escothornqo@ucla.edu
962,+66-109-667-9232,962,Ben Freschi,bfreschiqp@imgur.com
963,+7-277-993-7491,963,Esta Reinhard,ereinhardqq@nhs.uk
964,+256-182-761-1807,964,Arne Hame,ahameqr@51.la
965,+86-487-784-9378,965,Del Mogra,dmograqs@bloglovin.com
966,+261-324-796-0323,966,Braden Frichley,bfrichleyqt@census.gov
967,+261-204-809-1122,967,Lindon Janous,ljanousqu@creativecommons.org
968,+234-783-969-9637,968,Othelia Brager,obragerqv@google.co.jp
969,+86-957-216-5542,969,Wolfie Ironmonger,wironmongerqw@redcross.org
970,+212-168-580-7305,970,Delly Gatfield,dgatfieldqx@skyrock.com
971,+62-817-883-5972,971,Yule Penniell,
972,+30-381-611-4366,972,Elmira Kores,ekoresqz@about.com
973,+380-762-363-3758,973,Jayme Moralas,jmoralasr0@hud.gov
974,+502-283-715-7862,974,Walliw Gerger,wgergerr1@statcounter.com
975,+7-427-386-5261,975,Gaspar Culbard,gculbardr2@army.mil
976,+86-547-796-3134,976,Addi Klimecki,aklimeckir3@vistaprint.com
977,+225-989-557-8419,977,Vina Verrills,
978,+62-110-253-2422,978,Nydia Densey,
979,+46-506-149-6299,979,Jo-anne Wyson,jwysonr6@rambler.ru
980,+54-562-397-4591,980,Marley Rigts,mrigtsr7@histats.com
981,+33-252-181-2043,981,Hilary Bridgwater,hbridgwaterr8@squidoo.com
982,+86-838-343-3375,982,Gallard Malpas,
983,+31-356-469-9335,983,Hazel Owers,howersra@msu.edu
984,+1-904-371-4010,984,Orly Dryden,odrydenrb@cyberchimps.com
985,+351-505-377-9758,985,Sallyanne Zannotelli,szannotellirc@ovh.net
986,+66-380-832-9471,986,Zackariah Ogan,zoganrd@pinterest.com
987,+856-163-937-5882,987,Hervey Harsum,hharsumre@php.net
988,+44-469-446-5869,988,Maxie De Minico,mderf@arstechnica.com
989,+86-142-862-6753,989,Gun Hulks,ghulksrg@nytimes.com
990,+7-610-444-2741,990,Anjela Routhorn,arouthornrh@mit.edu
991,+62-881-114-7927,991,Rosalinde Powdrell,rpowdrellri@gmpg.org
992,+420-305-548-8826,992,Andy Ramel,aramelrj@comcast.net
993,+351-977-441-0318,993,Germaine Dibnah,gdibnahrk@nasa.gov
994,+351-980-912-8127,994,Marlee Chippendale,mchippendalerl@wordpress.com
995,+57-658-743-5862,995,Chiquita Glentworth,cglentworthrm@adobe.com
996,+880-909-165-0866,996,Giffie Tarzey,gtarzeyrn@cloudflare.com
997,+63-137-974-2314,997,Maury Triggle,mtrigglero@acquirethisname.com
998,+27-274-501-1570,998,Jamima Brewerton,jbrewertonrp@google.com.hk
999,+33-195-125-8641,999,Roze Wabersich,rwabersichrq@uiuc.edu
1000,+1-740-485-0048,1000,Mortie Durgan,mdurganrr@parallels.com
